name,product_url,postal_code,city
Athenaeum Boekhandel & Nieuwscentrum,https://athenaeumscheltema.nl/a/walter-van-den-berg/zanger-ronald-zingt-de-blues/501634390,1012 XA,Amsterdam
Athenaeum Boekhandel Zuidoost,https://athenaeumscheltema.nl/a/walter-van-den-berg/zanger-ronald-zingt-de-blues/501634390,1102 ML,Amsterdam
Boekhandel het Martyrium,https://athenaeumscheltema.nl/a/walter-van-den-berg/zanger-ronald-zingt-de-blues/501634390,1071 BH,Amsterdam
Boekhandel Scheltema,https://athenaeumscheltema.nl/a/walter-van-den-berg/zanger-ronald-zingt-de-blues/501634390,1012 KK,Amsterdam
Athenaeum Boekhandel Haarlem,https://athenaeumscheltema.nl/a/walter-van-den-berg/zanger-ronald-zingt-de-blues/501634390,2011 GT,Haarlem
Paagman Gouda,https://www.paagman.nl/product/82702148/zanger-ronald-zingt-de-blues-door-walter-van-den-berg,2801 KE,Gouda
Paagman Den Haag,https://www.paagman.nl/product/82702148/zanger-ronald-zingt-de-blues-door-walter-van-den-berg,2582 CB,Den Haag
Paagman Delft,https://www.paagman.nl/product/82702148/zanger-ronald-zingt-de-blues-door-walter-van-den-berg,2611 JD,Delft
Van der Meulen's Boekhandel,https://libris.nl/vandermeulen/a/walter-van-den-berg/zanger-ronald-zingt-de-blues/501634390,1811 JD,Alkmaar
Boekhandel Van den Brink,https://libris.nl/vandenbrink/a/walter-van-den-berg/zanger-ronald-zingt-de-blues/501634390,9163 GZ,Ameland
Boekhandel Veenendaal,https://libris.nl/veenendaal/a/walter-van-den-berg/zanger-ronald-zingt-de-blues/501634390,3811 AB,Amersfoort
De Algemene Boekhandel,https://libris.nl/dealgemeneboekhandel/a/walter-van-den-berg/zanger-ronald-zingt-de-blues/501634390,3817 KE,Amersfoort
Boekhandel Libris Venstra,https://www.venstra.nl/a/walter-van-den-berg/zanger-ronald-zingt-de-blues/501634390,1181 ZM,Amstelveen
Boekhandel Mulder,https://libris.nl/boekhandel-mulder/a/walter-van-den-berg/zanger-ronald-zingt-de-blues/501634390,1071 JH,Amsterdam
Boekhandel van Noord,https://libris.nl/boekhandelvannoord/a/walter-van-den-berg/zanger-ronald-zingt-de-blues/501634390,1025 EW,Amsterdam
Boekhandel Van Rossum,https://athenaeumscheltema.nl/a/walter-van-den-berg/zanger-ronald-zingt-de-blues/501634390,1077 JH,Amsterdam
Boekholt A la Carte,https://libris.nl/boekholtboekhandels/a/walter-van-den-berg/zanger-ronald-zingt-de-blues/501634390,1011 HB,Amsterdam
De Amsterdamse Boekhandel,https://libris.nl/de-amsterdamse-boekhandel/a/walter-van-den-berg/zanger-ronald-zingt-de-blues/501634390,1081 AC,Amsterdam
De Dolfijn,https://libris.nl/boekholtboekhandels/a/walter-van-den-berg/zanger-ronald-zingt-de-blues/501634390,1013 JG,Amsterdam
IJBURG BOEKEN,https://libris.nl/ijburgboeken/a/walter-van-den-berg/zanger-ronald-zingt-de-blues/501634390,1087 BS,Amsterdam
Island Boekholt,https://libris.nl/boekholtboekhandels/a/walter-van-den-berg/zanger-ronald-zingt-de-blues/501634390,1015 LT,Amsterdam
Pantheon Boekholt,https://libris.nl/boekholtboekhandels/a/walter-van-den-berg/zanger-ronald-zingt-de-blues/501634390,1011 HB,Amsterdam
Relay Amsterdam CS IJ-passage,https://libris.nl/relay/a/walter-van-den-berg/zanger-ronald-zingt-de-blues/501634390,1012 AB,Amsterdam
Relay Amsterdam CS Middentunnel,https://libris.nl/relay/a/walter-van-den-berg/zanger-ronald-zingt-de-blues/501634390,1012 AB,Amsterdam
Stad Leest,https://libris.nl/antwerpen-stadleest/a/walter-van-den-berg/zanger-ronald-zingt-de-blues/501634390,2000,Antwerpen
Nawijn & Polak,https://libris.nl/nawijn-polak/a/walter-van-den-berg/zanger-ronald-zingt-de-blues/501634390,7311 LR,Apeldoorn
Primera BLZ Westra Kerschoten,https://libris.nl/boekhandel-westra/a/walter-van-den-berg/zanger-ronald-zingt-de-blues/501634390,7316 HL,Apeldoorn
Primera BLZ Westra Orden,https://libris.nl/boekhandel-westra/a/walter-van-den-berg/zanger-ronald-zingt-de-blues/501634390,7312 NL,Apeldoorn
Van der Velde Boeken Assen,https://www.vanderveldeboeken.nl/a/walter-van-den-berg/zanger-ronald-zingt-de-blues/501634390,9401 JL,Assen
Primera Boekhandel Avenhorn,https://libris.nl/boekhandel-avenhorn/a/walter-van-den-berg/zanger-ronald-zingt-de-blues/501634390,1633 DT,Avenhorn
Boekhandel Den Boer,https://libris.nl/denboer/a/walter-van-den-berg/zanger-ronald-zingt-de-blues/501634390,3743 BC,Baarn
Boekhandel Jaspers,https://libris.nl/boekhandeljaspers/a/walter-van-den-berg/zanger-ronald-zingt-de-blues/501634390,1171 CH,Badhoevedorp
Primera boekhandel De Gele Klap,https://libris.nl/boekhandel-de-gele-klap/a/walter-van-den-berg/zanger-ronald-zingt-de-blues/501634390,9781 AA,Bedum
Van den Heuvel Boek en Kantoor,https://libris.nl/vdhboekenkantoor/a/walter-van-den-berg/zanger-ronald-zingt-de-blues/501634390,5741 CP,Beek en Donk
Het Logboek,https://libris.nl/hetlogboek/a/walter-van-den-berg/zanger-ronald-zingt-de-blues/501634390,9411 KL,Beilen
Boekhandel Thomas,https://libris.nl/thomas/a/walter-van-den-berg/zanger-ronald-zingt-de-blues/501634390,1861 GA,Bergen
Boekhandel Quist,https://libris.nl/quistboeken/a/walter-van-den-berg/zanger-ronald-zingt-de-blues/501634390,4611 NP,Bergen op Zoom
Kantoorboekhandel Van Atten (Berkel en Rodenrijs),https://libris.nl/vanattenboek/a/walter-van-den-berg/zanger-ronald-zingt-de-blues/501634390,2651 CE,Berkel en Rodenrijs
Boek- en Kantoorboekhandel Mieke Wijgergangs,https://libris.nl/miekewijgergangs/a/walter-van-den-berg/zanger-ronald-zingt-de-blues/501634390,5258 AX,Berlicum
Blaricumsche Boekhandel,https://libris.nl/blaricumscheboekhandel/a/walter-van-den-berg/zanger-ronald-zingt-de-blues/501634390,1261 AW,Blaricum
Libris Buitelaar Breda,https://libris.nl/librisbuitelaar/a/walter-van-den-berg/zanger-ronald-zingt-de-blues/501634390,4811 XL,Breda
Relay Breda,https://libris.nl/relay/a/walter-van-den-berg/zanger-ronald-zingt-de-blues/501634390,4811 BN,Breda
Van Kemenade & Hollaers (Ginnekenweg),https://libris.nl/vankemenade-hollaers/a/walter-van-den-berg/zanger-ronald-zingt-de-blues/501634390,4818 JG,Breda
Boekhandel Breskens,https://libris.nl/boekhandelbreskens/a/walter-van-den-berg/zanger-ronald-zingt-de-blues/501634390,4511 AP,Breskens
Boek en Kantoor Marinus van Kralingen,https://libris.nl/vankralingen/a/walter-van-den-berg/zanger-ronald-zingt-de-blues/501634390,3621 AR,Breukelen
Boekhandel Bosman Brummen - Primera XL,https://libris.nl/boekhandel-xl-brummen/a/walter-van-den-berg/zanger-ronald-zingt-de-blues/501634390,6971 AB,Brummen
Van Ravenswaay books & more,https://libris.nl/ravenswaay/a/walter-van-den-berg/zanger-ronald-zingt-de-blues/501634390,3981 EP,Bunnik
Boekhandel Los,https://libris.nl/los/a/walter-van-den-berg/zanger-ronald-zingt-de-blues/501634390,1404 CM,Bussum
Boekhandel Derde Druk,https://libris.nl/derdedruk/a/walter-van-den-berg/zanger-ronald-zingt-de-blues/501634390,2903 AD,Capelle aan den IJssel
Kantoorboekhandel Laan,https://libris.nl/laan/a/walter-van-den-berg/zanger-ronald-zingt-de-blues/501634390,1901 EP,Castricum
Boekhandel Tomey,https://libris.nl/boekhandeltomey/a/walter-van-den-berg/zanger-ronald-zingt-de-blues/501634390,4101 BX,Culemborg
Kantoor & Boekhandel KEES (Mereveldplein),https://libris.nl/visscher/a/walter-van-den-berg/zanger-ronald-zingt-de-blues/501634390,3454 CK,De Meern
MultiMedia Shop,https://libris.nl/multimedia-shop/a/walter-van-den-berg/zanger-ronald-zingt-de-blues/501634390,7701 GL,Dedemsvaart
Boekhandel Kempers,https://libris.nl/boekhandelkempers/a/walter-van-den-berg/zanger-ronald-zingt-de-blues/501634390,2624 ET,Delft
Adr. Heinen,https://www.heinen.nl/a/walter-van-den-berg/zanger-ronald-zingt-de-blues/501634390,5211 KD,Den Bosch
Couv√©e-Benoordenhaeghe Boek & Kantoor,https://libris.nl/boekhandel-denhaag/a/walter-van-den-berg/zanger-ronald-zingt-de-blues/501634390,2596 ES,Den Haag
De Vries Van Stockum (Den Haag),https://libris.nl/devriesvanstockum-boeken/a/walter-van-den-berg/zanger-ronald-zingt-de-blues/501634390,2511 BS,Den Haag
Relay Den Haag,https://libris.nl/relay/a/walter-van-den-berg/zanger-ronald-zingt-de-blues/501634390,2592 AA,Den Haag
Boekhandel Praamstra,https://libris.nl/boekhandelpraamstra/a/walter-van-den-berg/zanger-ronald-zingt-de-blues/501634390,7411 KG,Deventer
Boekhandel Didam,https://libris.nl/boekhandeldidam/a/walter-van-den-berg/zanger-ronald-zingt-de-blues/501634390,6942 BD,Didam
Boek en Buro Nieuwenhuis,https://libris.nl/boek-en-buro/a/walter-van-den-berg/zanger-ronald-zingt-de-blues/501634390,6981 CN,Doesburg
Raadgeep & Berrevoets,https://libris.nl/raadgeepenberrevoets/a/walter-van-den-berg/zanger-ronald-zingt-de-blues/501634390,7001 AH,Doetinchem
Van der Velde Boeken Dokkum,https://www.vanderveldeboeken.nl/a/walter-van-den-berg/zanger-ronald-zingt-de-blues/501634390,9101 KH,Dokkum
Boekhandel All you can give,https://libris.nl/allyoucangive/a/walter-van-den-berg/zanger-ronald-zingt-de-blues/501634390,6865 GC,Doorwerth
Vos & Van der Leer (Van Eesterenplein),https://libris.nl/vos-vanderleer/a/walter-van-den-berg/zanger-ronald-zingt-de-blues/501634390,3315 KV,Dordrecht
Vos & Van der Leer (Visstraat),https://libris.nl/vos-vanderleer/a/walter-van-den-berg/zanger-ronald-zingt-de-blues/501634390,3311 KX,Dordrecht
Van der Velde Boeken Drachten,https://www.vanderveldeboeken.nl/a/walter-van-den-berg/zanger-ronald-zingt-de-blues/501634390,9203 CZ,Drachten
Boekhandel Jacques Baas,https://libris.nl/boekhandeljacquesbaas/a/walter-van-den-berg/zanger-ronald-zingt-de-blues/501634390,3971 GN,Driebergen-Rijsenburg
Boek- en Kantoorvakhandel Sikkers,https://libris.nl/sikkers/a/walter-van-den-berg/zanger-ronald-zingt-de-blues/501634390,5151 BP,Drunen
Boekwinkel 't Pakhuys,https://libris.nl/pakhuysboeken/a/walter-van-den-berg/zanger-ronald-zingt-de-blues/501634390,1135 AP,Edam
Boek en Buro Ede,https://libris.nl/boek-en-buro/a/walter-van-den-berg/zanger-ronald-zingt-de-blues/501634390,6711 AM,Ede
Boekhandel Hendriks,https://libris.nl/boekhandelhendriks/a/walter-van-den-berg/zanger-ronald-zingt-de-blues/501634390,6961 CW,Eerbeek
Boekhandel Dekker & Dekker,https://libris.nl/boekhandeldekker/a/walter-van-den-berg/zanger-ronald-zingt-de-blues/501634390,1931 AK,Egmond aan Zee
Boekhandel Gellekink,https://libris.nl/gellekink/a/walter-van-den-berg/zanger-ronald-zingt-de-blues/501634390,7151 AG,Eibergen
Boekhandel Van Grinsven (Eindhoven),https://libris.nl/vangrinsven/a/walter-van-den-berg/zanger-ronald-zingt-de-blues/501634390,5643 AS,Eindhoven
Boekhandel Van Piere,https://www.vanpiere.nl/a/walter-van-den-berg/zanger-ronald-zingt-de-blues/501634390,5611 AM,Eindhoven
Relay Eindhoven Airport,https://libris.nl/relay/a/walter-van-den-berg/zanger-ronald-zingt-de-blues/501634390,5657 EA,Eindhoven
Elburger Boekhandel,https://libris.nl/elburgerboekhandel/a/walter-van-den-berg/zanger-ronald-zingt-de-blues/501634390,8081 ER,Elburg
Boekhandel Vermeer,https://libris.nl/boekhandelvermeer/a/walter-van-den-berg/zanger-ronald-zingt-de-blues/501634390,7811 AL,Emmen
Boekwinkel De Grote Beer,https://libris.nl/boekwinkeldegrotebeer/a/walter-van-den-berg/zanger-ronald-zingt-de-blues/501634390,8801 LV,Franeker
Boekhandel Van Grinsven (Geldrop),https://libris.nl/vangrinsven/a/walter-van-den-berg/zanger-ronald-zingt-de-blues/501634390,5664 HE,Geldrop
Paard van Troje Gent,https://libris.nl/gent-paardvantroje/a/walter-van-den-berg/zanger-ronald-zingt-de-blues/501634390,9000,Gent
Miek-Kado Boek-Kadoshop,https://libris.nl/miek-kado/a/walter-van-den-berg/zanger-ronald-zingt-de-blues/501634390,3381 AH,Giessenburg
De Koperen Tuin,https://libris.nl/koperentuin/a/walter-van-den-berg/zanger-ronald-zingt-de-blues/501634390,4461 KA,Goes
Het Paard van Troje,https://libris.nl/paardvantroje/a/walter-van-den-berg/zanger-ronald-zingt-de-blues/501634390,4461 JP,Goes
Blz. Boekhandel Buitelaar,https://libris.nl/buitelaar/a/walter-van-den-berg/zanger-ronald-zingt-de-blues/501634390,5051 NP,Goirle
Boekhandel Struik,https://libris.nl/boekhandelstruik/a/walter-van-den-berg/zanger-ronald-zingt-de-blues/501634390,7471 BL,Goor
De Boekenkist,https://libris.nl/de-boekenkist/a/walter-van-den-berg/zanger-ronald-zingt-de-blues/501634390,4201 KA,Gorinchem
Planteyn Boeken,https://libris.nl/planteyn/a/walter-van-den-berg/zanger-ronald-zingt-de-blues/501634390,8401 DE,Gorredijk
Primera Boekhandel Beren,https://libris.nl/boekhandel-beren/a/walter-van-den-berg/zanger-ronald-zingt-de-blues/501634390,9714 DW,Groningen
Primera Boekhandel Paddepoel,https://libris.nl/boekhandelpaddepoel/a/walter-van-den-berg/zanger-ronald-zingt-de-blues/501634390,9742 AK,Groningen
Van der Velde Boeken Groningen A-kerkhof,https://www.vanderveldeboeken.nl/a/walter-van-den-berg/zanger-ronald-zingt-de-blues/501634390,9712 BC,Groningen
Van der Velde Boeken Groningen Grote Markt,https://www.vanderveldeboeken.nl/a/walter-van-den-berg/zanger-ronald-zingt-de-blues/501634390,9712 HV,Groningen
Primera Boekhandel Grootegast,https://libris.nl/boekhandelgrootegast/a/walter-van-den-berg/zanger-ronald-zingt-de-blues/501634390,9861 AK,Grootegast
Boek en Buro Haaksbergen,https://libris.nl/boek-en-buro/a/walter-van-den-berg/zanger-ronald-zingt-de-blues/501634390,7481 HX,Haaksbergen
De Vries Van Stockum (Haarlem),https://libris.nl/devriesvanstockum-boeken/a/walter-van-den-berg/zanger-ronald-zingt-de-blues/501634390,2011 GK,Haarlem
Kennemer Boekhandel,https://libris.nl/kennemerboekhandel/a/walter-van-den-berg/zanger-ronald-zingt-de-blues/501634390,2023 CA,Haarlem
Boekhandel Heijink,https://libris.nl/boekhandelheijink/a/walter-van-den-berg/zanger-ronald-zingt-de-blues/501634390,7772 AE,Hardenberg
Boomker Boeken,https://libris.nl/boomker/a/walter-van-den-berg/zanger-ronald-zingt-de-blues/501634390,9751 AM,Haren
Van der Velde Boeken Harlingen,https://www.vanderveldeboeken.nl/a/walter-van-den-berg/zanger-ronald-zingt-de-blues/501634390,8861 BM,Harlingen
Boekhandel Blokker,https://libris.nl/blokker/a/walter-van-den-berg/zanger-ronald-zingt-de-blues/501634390,2101 JP,Heemstede
Boekhandel Binnert Overdiep,https://www.binnertoverdiep.nl/a/walter-van-den-berg/zanger-ronald-zingt-de-blues/501634390,8442 BS,Heerenveen
Boekhandel Dominicanen Heerlen,https://www.boekhandeldominicanen.nl/a/walter-van-den-berg/zanger-ronald-zingt-de-blues/501634390,6411 JK,Heerlen
Boekhandel Heesch,https://libris.nl/boekhandelheesch/a/walter-van-den-berg/zanger-ronald-zingt-de-blues/501634390,5384 AN,Heesch
Boek en Kantoor De Ganzenveer,https://libris.nl/ganzenveer/a/walter-van-den-berg/zanger-ronald-zingt-de-blues/501634390,5701 PZ,Helmond
Kantoorboekhandel Peter Swaanen,https://libris.nl/peterswaanen/a/walter-van-den-berg/zanger-ronald-zingt-de-blues/501634390,5081 CL,Hilvarenbeek
Boekhandel Voorhoeve,https://libris.nl/voorhoeve/a/walter-van-den-berg/zanger-ronald-zingt-de-blues/501634390,1211 CR,Hilversum
Boekhandel Hoevelaken,https://libris.nl/boekhandelhoevelaken/a/walter-van-den-berg/zanger-ronald-zingt-de-blues/501634390,3871 AM,Hoevelaken
Boekhandel Stevens,https://libris.nl/stevens/a/walter-van-den-berg/zanger-ronald-zingt-de-blues/501634390,2132 CM,Hoofddorp
Pet Boekverkopers,https://libris.nl/pet-boekverkopers/a/walter-van-den-berg/zanger-ronald-zingt-de-blues/501634390,7901 JV,Hoogeveen
Boekhandel Stumpel Hoorn (Grote Noord),https://www.stumpel.nl/zanger-ronald-zingt-de-blues-9789048853366,1621 KG,Hoorn
Boekhandel Stumpel Hoorn (Huesmolen),https://www.stumpel.nl/zanger-ronald-zingt-de-blues-9789048853366,1625 HZ,Hoorn
Boekhandel Flevo,https://libris.nl/flevo/a/walter-van-den-berg/zanger-ronald-zingt-de-blues/501634390,1271 RR,Huizen
Boekhandel Remortel - Hulst,https://libris.nl/remortel-hulst/a/walter-van-den-berg/zanger-ronald-zingt-de-blues/501634390,4561 EJ,Hulst
Boekhandel Holtrop,https://libris.nl/boekhandelholtrop/a/walter-van-den-berg/zanger-ronald-zingt-de-blues/501634390,8501 AS,Joure
Boekhandel Lectori,https://libris.nl/lectori/a/walter-van-den-berg/zanger-ronald-zingt-de-blues/501634390,4421 AC,Kapelle
Afhaalpunt Katwijk (enkel vooraf betaalde bestellingen afhalen) Brownies & Downies,https://libris.nl/vandermeer/a/walter-van-den-berg/zanger-ronald-zingt-de-blues/501634390,2225 CS,Katwijk aan Zee
Boekhandel Deurenberg,https://libris.nl/boekhandeldeurenberg/a/walter-van-den-berg/zanger-ronald-zingt-de-blues/501634390,6461 AS,Kerkrade
Boekwinkel Omlo,https://libris.nl/boekwinkelomlo/a/walter-van-den-berg/zanger-ronald-zingt-de-blues/501634390,7891 GG,Klazienaveen
Boekhandel CW 76,https://libris.nl/boekhandelcw76/a/walter-van-den-berg/zanger-ronald-zingt-de-blues/501634390,1241 CP,Kortenhoef
Boekhandel Crimpenhof,https://libris.nl/boekhandelcrimpenhof/a/walter-van-den-berg/zanger-ronald-zingt-de-blues/501634390,2922 AJ,Krimpen aan den IJssel
Boekhandel Stumpel Krommenie,https://www.stumpel.nl/zanger-ronald-zingt-de-blues-9789048853366,1561 AP,Krommenie
Larense Boekhandel,https://libris.nl/larenseboekhandel/a/walter-van-den-berg/zanger-ronald-zingt-de-blues/501634390,1251 AW,Laren
Van der Velde Boeken Leeuwarden,https://www.vanderveldeboeken.nl/a/walter-van-den-berg/zanger-ronald-zingt-de-blues/501634390,8911 CJ,Leeuwarden
Boekhandel Kooyker,https://libris.nl/kooyker/a/walter-van-den-berg/zanger-ronald-zingt-de-blues/501634390,2311 CK,Leiden
Primera Kopermolen,https://libris.nl/kopermolen/a/walter-van-den-berg/zanger-ronald-zingt-de-blues/501634390,2317 PA,Leiden
Primera Boekhandel Lemmer,https://libris.nl/boekhandel-lemmer/a/walter-van-den-berg/zanger-ronald-zingt-de-blues/501634390,8531 EA,Lemmer
Boekhandel Rosetta,https://libris.nl/boekhandelrosetta/a/walter-van-den-berg/zanger-ronald-zingt-de-blues/501634390,3831 NC,Leusden
Kantoorboekhandel Meneer Kees,https://libris.nl/meneerkees/a/walter-van-den-berg/zanger-ronald-zingt-de-blues/501634390,7131 DH,Lichtenvoorde
Boekhandel Lovink,https://libris.nl/lovink/a/walter-van-den-berg/zanger-ronald-zingt-de-blues/501634390,7241 AA,Lochem
Boekhandel Sprankenis,https://libris.nl/sprankenis/a/walter-van-den-berg/zanger-ronald-zingt-de-blues/501634390,6026 CP,Maarheeze
Boek & Koek,https://libris.nl/boekenkoek/a/walter-van-den-berg/zanger-ronald-zingt-de-blues/501634390,3951 CH,Maarn
Boekhandel Dominicanen,https://www.boekhandeldominicanen.nl/a/walter-van-den-berg/zanger-ronald-zingt-de-blues/501634390,6211 CZ,Maastricht
Boek- en Kantoorvakhandel Prins,https://libris.nl/prins/a/walter-van-den-berg/zanger-ronald-zingt-de-blues/501634390,7475 AX,Markelo
Boekhandel Stumpel Medemblik,https://www.stumpel.nl/zanger-ronald-zingt-de-blues-9789048853366,1671 BG,Medemblik
De Drvkkery,https://drukkerijmiddelburg.nl/zanger-ronald-zingt-de-blues-9789048853366,4331 LK,Middelburg
Boek - en kantoorvakhandel Dekker - Van Esbroek,https://libris.nl/dekker-vanesbroek/a/walter-van-den-berg/zanger-ronald-zingt-de-blues/501634390,3241 GA,Middelharnis
Nimo Boek,https://libris.nl/nimoboek/a/walter-van-den-berg/zanger-ronald-zingt-de-blues/501634390,1141 BG,Monnickendam
Boekhandel Roodbeen,https://libris.nl/roodbeen/a/walter-van-den-berg/zanger-ronald-zingt-de-blues/501634390,3861 AB,Nijkerk
Dekker v.d. Vegt Boekverkopers,https://www.libris.nl/dekker-vd-vegt/a/walter-van-den-berg/zanger-ronald-zingt-de-blues/501634390,6511 PX,Nijmegen
Kantoorboekhandel Jacobs,https://libris.nl/jacobs/a/walter-van-den-berg/zanger-ronald-zingt-de-blues/501634390,6531 HE,Nijmegen
Boekhandel Spithoff,https://libris.nl/boekhandelspithoff/a/walter-van-den-berg/zanger-ronald-zingt-de-blues/501634390,7442 NJ,Nijverdal
Boekhandel Van der Meer,https://libris.nl/vandermeer/a/walter-van-den-berg/zanger-ronald-zingt-de-blues/501634390,2201 MB,Noordwijk
Westerhof Nunspeet,https://libris.nl/westerhofboeken-jufferenwal/a/walter-van-den-berg/zanger-ronald-zingt-de-blues/501634390,8071 BZ,Nunspeet
Rijnlandse Boekhandel,https://libris.nl/rijnlandseboekhandel/a/walter-van-den-berg/zanger-ronald-zingt-de-blues/501634390,2343 CB,Oegstgeest
Boekhandel Oisterwijk,https://libris.nl/boekhandeloisterwijk/a/walter-van-den-berg/zanger-ronald-zingt-de-blues/501634390,5061 EJ,Oisterwijk
Primera Korten Olst,https://libris.nl/korten/a/walter-van-den-berg/zanger-ronald-zingt-de-blues/501634390,8121 BK,Olst
Boekhandel Meijer & Siegers,https://libris.nl/meijerensiegers/a/walter-van-den-berg/zanger-ronald-zingt-de-blues/501634390,6862 AX,Oosterbeek
Het Verboden Rijk,https://libris.nl/hetverbodenrijk-oosterhout/a/walter-van-den-berg/zanger-ronald-zingt-de-blues/501634390,4901 JK,Oosterhout
Boekhandel Derijks,https://libris.nl/derijks/a/walter-van-den-berg/zanger-ronald-zingt-de-blues/501634390,5341 CK,Oss
Boekhandel Sprey,https://libris.nl/boekhandelsprey/a/walter-van-den-berg/zanger-ronald-zingt-de-blues/501634390,1191 BG,Ouderkerk aan de Amstel
Primera Panningen,https://libris.nl/boekhandel-panningen/a/walter-van-den-berg/zanger-ronald-zingt-de-blues/501634390,5981 AP,Panningen
Kantoorboekhandel Van Atten (Pijnacker),https://libris.nl/vanattenboek/a/walter-van-den-berg/zanger-ronald-zingt-de-blues/501634390,2641 EN,Pijnacker
Boekhandel Stumpel Purmerend,https://www.stumpel.nl/zanger-ronald-zingt-de-blues-9789048853366,1441 BB,Purmerend
Het Leesteken,https://libris.nl/leesteken/a/walter-van-den-berg/zanger-ronald-zingt-de-blues/501634390,1441 BD,Purmerend
Bij Arie Lees | schrijf | kadoshop,https://libris.nl/bij-arie/a/walter-van-den-berg/zanger-ronald-zingt-de-blues/501634390,3297 BM,Puttershoek
Boekhandel De Ridderhof,https://libris.nl/deridderhof/a/walter-van-den-berg/zanger-ronald-zingt-de-blues/501634390,2981 ET,Ridderkerk
Boekhandel Daan Nijman,https://www.daannijman.nl/boek/zanger-ronald-zingt-de-blues-9789048853366/,9301 AE,Roden
Veenerick Boek en Kantoor,https://libris.nl/veenerick/a/walter-van-den-berg/zanger-ronald-zingt-de-blues/501634390,2371 DA,Roelofarendsveen
De Boekenwurm (Afhaalpunt Boekhandel Quist),https://libris.nl/quistboeken/a/walter-van-den-berg/zanger-ronald-zingt-de-blues/501634390,4701 JP,Roosendaal
Kantoorboekhandel Kortendijk,https://libris.nl/kortendijk-tolberg/a/walter-van-den-berg/zanger-ronald-zingt-de-blues/501634390,4706 LA,Roosendaal
Kantoorboekhandel Tolberg,https://libris.nl/kortendijk-tolberg/a/walter-van-den-berg/zanger-ronald-zingt-de-blues/501634390,4708 HK,Roosendaal
Boekhandel De Omslag,https://libris.nl/deomslag/a/walter-van-den-berg/zanger-ronald-zingt-de-blues/501634390,5241 TJ,Rosmalen
Boekhandel Donner,https://www.donner.nl/producten/zanger-ronald-zingt-de-blues-9789048853366/,3012 AG,Rotterdam
Boekhandel Maximus,https://libris.nl/maximushillegersberg/a/walter-van-den-berg/zanger-ronald-zingt-de-blues/501634390,3054 GG,Rotterdam
Relay Rotterdam Centraal Hal,https://libris.nl/relay/a/walter-van-den-berg/zanger-ronald-zingt-de-blues/501634390,3013 AJ,Rotterdam
Relay Rotterdam Centraal Passage,https://libris.nl/relay/a/walter-van-den-berg/zanger-ronald-zingt-de-blues/501634390,3013 AJ,Rotterdam
Bredero Boeken,https://libris.nl/bredero/a/walter-van-den-berg/zanger-ronald-zingt-de-blues/501634390,2071 EP,Santpoort-Noord
Boekhandel Plukker,https://libris.nl/boekhandelplukker/a/walter-van-den-berg/zanger-ronald-zingt-de-blues/501634390,1741 GB,Schagen
De Spijker Boek en Gemak,https://libris.nl/despijkerboekengemak/a/walter-van-den-berg/zanger-ronald-zingt-de-blues/501634390,5374 AC,Schaijk
Primera Boekhandel Scherpenzeel,https://libris.nl/boekhandel-scherpenzeel/a/walter-van-den-berg/zanger-ronald-zingt-de-blues/501634390,3925 KC,Scherpenzeel
Post Scriptum,https://libris.nl/postscriptum/a/walter-van-den-berg/zanger-ronald-zingt-de-blues/501634390,3121 CA,Schiedam
Boekhandel Simpelveld,https://libris.nl/a/walter-van-den-berg/zanger-ronald-zingt-de-blues/501634390,6369 AW,Simpelveld
La Livy Boek & Cadeau,https://libris.nl/lalivy/a/walter-van-den-berg/zanger-ronald-zingt-de-blues/501634390,5271 AW,Sint-Michielgestel
Boekhandel Sint-Oedenrode,https://libris.nl/boekhandelsintoedenrode/a/walter-van-den-berg/zanger-ronald-zingt-de-blues/501634390,5492 AT,Sint-Oedenrode
PeZZi PaZZi,https://www.pezzipazzi.nl/a/walter-van-den-berg/zanger-ronald-zingt-de-blues/501634390,1381 BA,WEESP
Boekhandel Remortel - Sluis,https://libris.nl/remortel-sluis/a/walter-van-den-berg/zanger-ronald-zingt-de-blues/501634390,4524 EC,Sluis
Van der Velde Boeken Sneek,https://www.vanderveldeboeken.nl/a/walter-van-den-berg/zanger-ronald-zingt-de-blues/501634390,8601 CM,Sneek
Boekhandel Van de Ven,https://libris.nl/vandeven/a/walter-van-den-berg/zanger-ronald-zingt-de-blues/501634390,3768 EJ,Soest
Boekhandel Someren,https://libris.nl/boekhandelsomeren/a/walter-van-den-berg/zanger-ronald-zingt-de-blues/501634390,5711 EN,Someren
De Traverse,https://libris.nl/detraverse/a/walter-van-den-berg/zanger-ronald-zingt-de-blues/501634390,5691 AD,Son en Breugel
Firma P.A. Vermeulen,https://libris.nl/vermeulenboekhandel/a/walter-van-den-berg/zanger-ronald-zingt-de-blues/501634390,4651 BL,Steenbergen
Primera Blz. Steenwijk's Boekhuys,https://libris.nl/steenwijk/a/walter-van-den-berg/zanger-ronald-zingt-de-blues/501634390,8331 HD,Steenwijk
Boekhandel Schouten,https://libris.nl/boekhandelschouten/a/walter-van-den-berg/zanger-ronald-zingt-de-blues/501634390,3291 AJ,Strijen
De Gemaksshop Tegelen,https://libris.nl/gemaksshoptegelen/a/walter-van-den-berg/zanger-ronald-zingt-de-blues/501634390,5931 NM,Tegelen
Boekhandel Van de Sande,https://libris.nl/vandesande/a/walter-van-den-berg/zanger-ronald-zingt-de-blues/501634390,4531 GC,Terneuzen
Nauta Boek,https://libris.nl/nautaboek/a/walter-van-den-berg/zanger-ronald-zingt-de-blues/501634390,1791 CB,Texel (Den Burg)
Boekhandel Arentsen en Tomey,https://libris.nl/arentsen/a/walter-van-den-berg/zanger-ronald-zingt-de-blues/501634390,4001 LS,Tiel
Gianotten Mutsaers,https://libris.nl/gianotten-mutsaers/a/walter-van-den-berg/zanger-ronald-zingt-de-blues/501634390,5038 XA,Tilburg
Boek- en Kantoorboekhandel Oonk,https://libris.nl/oonk/a/walter-van-den-berg/zanger-ronald-zingt-de-blues/501634390,7391 EK,Twello
Primera BLZ Westra Ugchelen,https://libris.nl/boekhandel-westra/a/walter-van-den-berg/zanger-ronald-zingt-de-blues/501634390,7339 CK,Ugchelen
Boek- en Kantoorboekhandel Schuyt,https://libris.nl/schuyt/a/walter-van-den-berg/zanger-ronald-zingt-de-blues/501634390,1911 ED,Uitgeest
Boekhandel Ulft,https://libris.nl/boekhandel-ulft/a/walter-van-den-berg/zanger-ronald-zingt-de-blues/501634390,7071 WT,Ulft
BROESE,https://www.broese.nl/a/walter-van-den-berg/zanger-ronald-zingt-de-blues/501634390,3511 AW,Utrecht
Kantoor & Boekhandel KEES (Ella Fitzgeraldplein),https://libris.nl/visscher/a/walter-van-den-berg/zanger-ronald-zingt-de-blues/501634390,3543 EP,Utrecht
Boekhandel Rutgers,https://libris.nl/rutgers/a/walter-van-den-berg/zanger-ronald-zingt-de-blues/501634390,7051 CJ,Varsseveld
Primera Boekhandel Hiemstra,https://libris.nl/boekhandel-hiemstra/a/walter-van-den-berg/zanger-ronald-zingt-de-blues/501634390,9641 DB,Veendam
Boekhandel Van Kooten,https://libris.nl/vankooten/a/walter-van-den-berg/zanger-ronald-zingt-de-blues/501634390,3905 EB,Veenendaal
Boek- en Kantoorboekhandel Schellen,https://libris.nl/schellen/a/walter-van-den-berg/zanger-ronald-zingt-de-blues/501634390,5461 KE,Veghel
Boekhandel Jansen & de Feijter,https://libris.nl/jansen-defeijter/a/walter-van-den-berg/zanger-ronald-zingt-de-blues/501634390,6881 ST,Velp
Boekhandel Koops,https://www.boekhandelkoops.nl/a/walter-van-den-berg/zanger-ronald-zingt-de-blues/501634390,5911 BZ,Venlo
Boekhandel Roojboek,https://libris.nl/roojboek/a/walter-van-den-berg/zanger-ronald-zingt-de-blues/501634390,5801 BV,Venray
Kantoor & Boekhandel KEES (Middenburcht),https://libris.nl/visscher/a/walter-van-den-berg/zanger-ronald-zingt-de-blues/501634390,3452 MS,Vleuten
Boekhandel 't Spui,https://libris.nl/boekhandel-spui/a/walter-van-den-berg/zanger-ronald-zingt-de-blues/501634390,4381 ER,Vlissingen
Boekhandel Jan Cas Sombroek,https://libris.nl/jancas-sombroek/a/walter-van-den-berg/zanger-ronald-zingt-de-blues/501634390,1131 BS,Volendam
Borker Boekwinkel,https://libris.nl/borkerboekwinkel/a/walter-van-den-berg/zanger-ronald-zingt-de-blues/501634390,9431 AC,Westerbork
Boekhandel Reterink,https://libris.nl/reterink/a/walter-van-den-berg/zanger-ronald-zingt-de-blues/501634390,7641 BV,Wierden
Primera Boekhandel Wieringerwerf,https://libris.nl/primeraboekhandelwieringerwerf/a/walter-van-den-berg/zanger-ronald-zingt-de-blues/501634390,1771 AC,Wieringerwerf
Boekhandel Kramer, Winterswijk,https://libris.nl/boekhandelkramer/a/walter-van-den-berg/zanger-ronald-zingt-de-blues/501634390,7101 NR,Winterswijk
Kantoor & Boekhandel KEES (Fontaineplein),https://libris.nl/visscher/a/walter-van-den-berg/zanger-ronald-zingt-de-blues/501634390,3446 BX,Woerden
Boekhuis Stumpel (Workum),https://www.stumpel.nl/zanger-ronald-zingt-de-blues-9789048853366,8711 AA,Workum
Kramer & van Doorn,https://libris.nl/kramer-vandoorn/a/walter-van-den-berg/zanger-ronald-zingt-de-blues/501634390,3701 GE,Zeist
Boek en Buro Rebers,https://libris.nl/boek-en-buro/a/walter-van-den-berg/zanger-ronald-zingt-de-blues/501634390,6901 AK,Zevenaar
Boekhandel De Vries,https://libris.nl/devries/a/walter-van-den-berg/zanger-ronald-zingt-de-blues/501634390,4301 CB,Zierikzee
Boekhandel D. Sonneveld (Winkelcentrum Meerzicht),https://libris.nl/sonneveld/a/walter-van-den-berg/zanger-ronald-zingt-de-blues/501634390,2716 CW,Zoetermeer
Boekhandel D. Sonneveld (Winkelcentrum Oosterheem),https://libris.nl/sonneveld/a/walter-van-den-berg/zanger-ronald-zingt-de-blues/501634390,2721 NJ,Zoetermeer
Boekhandel Schoelier,https://libris.nl/schoelier/a/walter-van-den-berg/zanger-ronald-zingt-de-blues/501634390,9801 BX,Zuidhorn
Boek en Buro Van den Brink,https://libris.nl/boek-en-buro/a/walter-van-den-berg/zanger-ronald-zingt-de-blues/501634390,7201 LC,Zutphen
Van Someren & Ten Bosch Zutphen,https://www.vanderveldeboeken.nl/a/walter-van-den-berg/zanger-ronald-zingt-de-blues/501634390,7201 KE,Zutphen
Vos & Van der Leer (Walburg),https://libris.nl/vos-vanderleer/a/walter-van-den-berg/zanger-ronald-zingt-de-blues/501634390,3332 EH,Zwijndrecht
Boekhandel Westerhof (Diezerstraat),https://libris.nl/westerhofboeken-jufferenwal/a/walter-van-den-berg/zanger-ronald-zingt-de-blues/501634390,8011 RL,Zwolle
Boekhandel Westerhof (Wade),https://libris.nl/westerhofboeken-jufferenwal/a/walter-van-den-berg/zanger-ronald-zingt-de-blues/501634390,8043 LS,Zwolle
Van der Velde Boeken Zwolle,https://www.vanderveldeboeken.nl/a/walter-van-den-berg/zanger-ronald-zingt-de-blues/501634390,8011 VA,Zwolle
